{"cameraMode":{"drawMode":0,"name":"Shaded","section":"Shading Mode"},"sceneLighting":false,"audioPlay":false,"sceneViewState":{"showFog":true,"showMaterialUpdate":false,"showSkybox":true,"showFlares":true,"showImageEffects":true,"showParticleSystems":true},"in2DMode":false,"pivot":{"x":-9.569999694824219,"y":0.3500000238418579,"z":9.4399995803833},"rotation":{"x":-0.5620383620262146,"y":-0.030509358271956445,"z":0.02074667625129223,"w":-0.8262878656387329},"size":2.8578836917877199,"orthographic":false}