{"cameraMode":{"drawMode":0,"name":"Shaded","section":"Shading Mode"},"sceneLighting":true,"audioPlay":false,"sceneViewState":{"showFog":true,"showMaterialUpdate":true,"showSkybox":true,"showFlares":true,"showImageEffects":true,"showParticleSystems":true},"in2DMode":false,"pivot":{"x":33.751609802246097,"y":120.17300415039063,"z":-99.02934265136719},"rotation":{"x":-0.20525500178337098,"y":0.33705559372901919,"z":-0.07554863393306732,"w":-0.9157271981239319},"size":198.31561279296876,"orthographic":false}