{"cameraMode":{"drawMode":0,"name":"Shaded","section":"Shading Mode"},"sceneLighting":true,"audioPlay":false,"sceneViewState":{"showFog":true,"showMaterialUpdate":true,"showSkybox":true,"showFlares":true,"showImageEffects":true,"showParticleSystems":true},"in2DMode":false,"pivot":{"x":-2.0054285526275636,"y":-3.2438645362854006,"z":-1.1379730701446534},"rotation":{"x":-0.5558697581291199,"y":-0.013713990338146687,"z":0.00917238462716341,"w":-0.8311057090759277},"size":21.58909797668457,"orthographic":false}