{"cameraMode":{"drawMode":0,"name":"Shaded","section":"Shading Mode"},"sceneLighting":false,"audioPlay":false,"sceneViewState":{"showFog":true,"showMaterialUpdate":false,"showSkybox":true,"showFlares":true,"showImageEffects":true,"showParticleSystems":true},"in2DMode":false,"pivot":{"x":-9.569999694824219,"y":0.8500000238418579,"z":9.4399995803833},"rotation":{"x":-0.18163453042507173,"y":-0.13814875483512879,"z":0.025781594216823579,"w":-0.9732723832130432},"size":2.8578836917877199,"orthographic":false}