{"cameraMode":{"drawMode":0,"name":"Shaded","section":"Shading Mode"},"sceneLighting":true,"audioPlay":false,"sceneViewState":{"showFog":true,"showMaterialUpdate":true,"showSkybox":true,"showFlares":true,"showImageEffects":true,"showParticleSystems":true},"in2DMode":false,"pivot":{"x":12.303616523742676,"y":-1.924896001815796,"z":-9.435985565185547},"rotation":{"x":0.3101663887500763,"y":0.027001457288861276,"z":-0.008813624270260334,"w":0.9502578973770142},"size":5.940670967102051,"orthographic":false}