{"cameraMode":{"drawMode":0,"name":"Shaded","section":"Shading Mode"},"sceneLighting":true,"audioPlay":false,"sceneViewState":{"showFog":true,"showMaterialUpdate":true,"showSkybox":true,"showFlares":true,"showImageEffects":true,"showParticleSystems":true},"in2DMode":false,"pivot":{"x":-1.5584783554077149,"y":0.049999237060546878,"z":-4.158914566040039},"rotation":{"x":-0.254297137260437,"y":-0.6524479985237122,"z":0.24782083928585053,"w":-0.6694994568824768},"size":17.37314224243164,"orthographic":false}