{"cameraMode":{"drawMode":0,"name":"Shaded","section":"Shading Mode"},"sceneLighting":true,"audioPlay":false,"sceneViewState":{"showFog":true,"showMaterialUpdate":true,"showSkybox":true,"showFlares":true,"showImageEffects":true,"showParticleSystems":true},"in2DMode":false,"pivot":{"x":4.988961219787598,"y":-5.101935386657715,"z":0.19617703557014466},"rotation":{"x":-0.19846761226654054,"y":-0.2778840661048889,"z":0.058793459087610248,"w":-0.938048243522644},"size":12.612283706665039,"orthographic":false}